hardware_calibration,hardware_scenario,purchase_cost_usd,max_concurrent_users,hourly_cloud_price_usd,capability_lag_months,source_basis
rtx6000-ada-gemma4-12b,onprem_10pct_capacity,8500,1.4000000000000001,0.8,12,"RTX 6000 Ada / Gemma 4 12B; user-supplied table, 2026-07-14"
rtx6000-ada-gemma4-12b,onprem_50pct_capacity,8500,7.0,0.8,12,"RTX 6000 Ada / Gemma 4 12B; user-supplied table, 2026-07-14"
rtx6000-ada-gemma4-12b,onprem_full_capacity,8500,14.0,0.8,12,"RTX 6000 Ada / Gemma 4 12B; user-supplied table, 2026-07-14"
rtx6000-ada-gemma4-12b,onprem_low_30pct_utilization,8500,4.2,0.8,12,"RTX 6000 Ada / Gemma 4 12B; user-supplied table, 2026-07-14"
rtx6000-ada-gemma4-12b,cloud_oss,0,14.0,0.8,12,"RTX 6000 Ada / Gemma 4 12B; user-supplied table, 2026-07-14"
rtx6000-pro-gemma4-26b-moe,onprem_10pct_capacity,14500,3.2,2.4,12,"RTX 6000 Pro / Gemma 4 26B MoE; user-supplied table, 2026-07-14"
rtx6000-pro-gemma4-26b-moe,onprem_50pct_capacity,14500,16.0,2.4,12,"RTX 6000 Pro / Gemma 4 26B MoE; user-supplied table, 2026-07-14"
rtx6000-pro-gemma4-26b-moe,onprem_full_capacity,14500,32.0,2.4,12,"RTX 6000 Pro / Gemma 4 26B MoE; user-supplied table, 2026-07-14"
rtx6000-pro-gemma4-26b-moe,onprem_low_30pct_utilization,14500,9.6,2.4,12,"RTX 6000 Pro / Gemma 4 26B MoE; user-supplied table, 2026-07-14"
rtx6000-pro-gemma4-26b-moe,cloud_oss,0,32.0,2.4,12,"RTX 6000 Pro / Gemma 4 26B MoE; user-supplied table, 2026-07-14"
h100-gemma4-31b,onprem_10pct_capacity,380000,6.5,2.8,12,"H100 8-GPU system / Gemma 4 31B; user-supplied table, 2026-07-14"
h100-gemma4-31b,onprem_50pct_capacity,380000,32.5,2.8,12,"H100 8-GPU system / Gemma 4 31B; user-supplied table, 2026-07-14"
h100-gemma4-31b,onprem_full_capacity,380000,65.0,2.8,12,"H100 8-GPU system / Gemma 4 31B; user-supplied table, 2026-07-14"
h100-gemma4-31b,onprem_low_30pct_utilization,380000,19.5,2.8,12,"H100 8-GPU system / Gemma 4 31B; user-supplied table, 2026-07-14"
h100-gemma4-31b,cloud_oss,0,65.0,2.8,12,"H100 8-GPU system / Gemma 4 31B; user-supplied table, 2026-07-14"
b200-gemma4-31b,onprem_10pct_capacity,750000,21.0,5.0,12,"B200 8-GPU system / Gemma 4 31B; user-supplied table, 2026-07-14"
b200-gemma4-31b,onprem_50pct_capacity,750000,105.0,5.0,12,"B200 8-GPU system / Gemma 4 31B; user-supplied table, 2026-07-14"
b200-gemma4-31b,onprem_full_capacity,750000,210.0,5.0,12,"B200 8-GPU system / Gemma 4 31B; user-supplied table, 2026-07-14"
b200-gemma4-31b,onprem_low_30pct_utilization,750000,63.0,5.0,12,"B200 8-GPU system / Gemma 4 31B; user-supplied table, 2026-07-14"
b200-gemma4-31b,cloud_oss,0,210.0,5.0,12,"B200 8-GPU system / Gemma 4 31B; user-supplied table, 2026-07-14"
